ISO 15924 (sortkey)	Display Name	Full Name	Endonym	First Unicode Version	Sample	RTL?	Language of Origin	Territory of Origin	Writing System Orig	Group of other writing systems
Berf	Beria Erfe	Beria Erfe					zag	TD	Invented	
Blis	Blissymbols	Blissymbols					zbl		Invented	
Brai	Braille	Braille		3	â 	n/a		FR	Invented	
Chis	Chisoi	Chisoi		17	ğ–¶“	no	kyw	IN		
Egyp	Egyptian hieroglyphs	Egyptian hieroglyphs		5.2	ğ“…“	no	egy	EG		
Hani	Han characters	Han (Hanzi, Kanji, Hanja)		1.1	å­—	no	zho	CN		
Mand	Mandaic	Mandaic, Mandaean		6	à¡€	Yes	myz	IR	Armi	
Maya	Mayan hieroglyphs	Mayan hieroglyphs					myn	GT		
Medf	Medefaidrin	Medefaidrin (Oberi Okaime, Oberi Æ†kaimÉ›)	ğ–¹ğ–¹°ğ–¹¯ğ–¹¼ğ–¹« ğ–¹šğ–¹¬ğ–¹¾ğ–¹ ğ–¹¯â€	11	ğ–¹€	no	dmf	NG	Invented	
Mend	Mende Kikakui	Mende Kikakui		7	ğ ‚	Yes	men	SL	Invented	
Mong	Mongolian	Mongolian	á ®á £á ©á ­á £á ¯ á ªá ¢á ´á ¢á ­	3	á ¦	no	mon	MN	Ougr	
Moon	Moon	Moon (Moon code, Moon script, Moon type)					eng	GB	Latn	
Nkdb	Naxi Dongba	Naxi Dongba (naÂ²Â¹É•iÂ³Â³ toÂ³Â³baÂ²Â¹, Nakhi Tomba)					nxq	CN	Unknown	
Nkgb	Naxi Geba	Naxi Geba (naÂ²Â¹É•iÂ³Â³ gÊŒÂ²Â¹baÂ²Â¹, 'Na-'Khi Â²GgÅ-Â¹baw, Nakhi Geba)					nxq	CN	Unknown	
Pcun	Proto-Cuneiform	Proto-Cuneiform					sux	IQ		
Qaaa	Reserved for private use (start)	Reserved for private use (start)								
Qabx	Reserved for private use (end)	Reserved for private use (end)								
Zinh	Code for inherited script	Code for inherited script			Ì	n/a				
Zmth	Mathematical notation	Mathematical notation		3.2						
Zsye	Symbols (Emoji variant)	Symbols (Emoji variant)		6						
Zsym	Symbols	Symbols		1.1						
Zxxx	Unwritten documents	Code for unwritten documents								
Zyyy	Undetermine script	Code for undetermined script			@	n/a				
Zzzz	Uncoded script	Code for uncoded script			ï·	n/a				
Egyh	Egyptian hieratic	Egyptian hieratic		5.2			egy	EG	Egyp	
Egyd	Egyptian demotic	Egyptian demotic					egy	EG	Egyh	
Merc	Meroitic Cursive	Meroitic Cursive		6.1	ğ¦ 	Yes	xmr	SD	Egyd	
Mero	Meroitic Hieroglyphs	Meroitic Hieroglyphs		6.1	ğ¦€	Yes	xmr	SD	Egyp	
Psin	Proto-Sinaitic	Proto-Sinaitic					hbo	EG	Egyp	
Narb	Old North Arabian	Old North Arabian (Ancient North Arabian)		7	ğª•	Yes	xna	SA	Psin	
Phnx	Phoenician	Phoenician		5	ğ¤€	Yes	phn	LB	Psin	
Armi	Imperial Aramaic	Imperial Aramaic		5.2	ğ¡€	Yes	arc	IR	Phnx	
Brah	Brahmi	Brahmi		6	ğ‘€…	no	pka	IN	Armi	
Bhks	Bhaiksuki	Bhaiksuki	ğ‘°¥ğ‘°¹ğ‘°ğ‘°¿ğ‘°¬ğ‘°²ğ‘°ğ‘°±	9	ğ‘°	no	san	IN	Brah	
Cham	Cham	Cham	ê¨€ê¨‡ê©‰ ê¨Œê©Œ	5.1	ê¨€	no	cjm	VN	Brah	
Gran	Grantha	Grantha	ğ‘Œ—ğ‘ğ‘Œ°ğ‘Œ¨ğ‘ğ‘Œ¥	7	ğ‘Œ•	no	san	IN	Brah	
Diak	Dives Akuru	Dives Akuru	ğ‘¤™ğ‘¤±ğ‘¤©ğ‘¤µğ‘¤­ğ‘¤± ğ‘¤€ğ‘¤Œğ‘¤³ğ‘¤§ğ‘¤³	13	ğ‘¤Œ	no	div	MV	Gran	
Mlym	Malayalam	Malayalam	à´®à´²à´¯à´¾à´³à´®àµ†à´´àµà´¤àµà´¤àµ	1.1	à´•	no	mal	IN	Gran	
Saur	Saurashtra	Saurashtra	ê¢±ê£ƒê¢¬ê¢µê¢°ê£„ê¢œê£„ê¢¬	5.1	ê¢‚	no	saz	IN	Gran	
Sinh	Sinhala	Sinhala	à·ƒà·’à¶‚à·„à¶½ à¶…à¶šà·Šà·‚à¶» à¶¸à·à¶½à·à·€	3	à¶…	no	sin	LK	Gran	
Tutg	Tulu-Tigalari	Tulu-Tigalari		16	ğ‘’	no	san	IN	Gran	
Kawi	Kawi	Kawi	ğ‘¼„ğ‘¼’ğ‘½‚ğ‘¼°ğ‘¼¬ğ‘¼’ğ‘¼®ğ‘¼¶	15	ğ‘¼›	no	kaw	ID	Brah	
Bali	Balinese	Balinese	á¬…á¬“á­„á¬±á¬­á¬©á¬®á¬¶	5	á¬…	no	ban	ID	Kawi	
Batk	Batak	Batak	á¯˜á¯®á¯’á¯–á¯²â€Šá¯…á¯–á¯‚á¯²	6	á¯€	no	bbc	ID	Kawi	
Bugi	Buginese	Buginese	á¨’á¨šá¨ˆá¨‘	4.1	á¨€	no	bug	ID	Kawi	
Java	Javanese	Javanese	ê¦²ê¦ê§€ê¦±ê¦«ê¦—ê¦®	5.2	ê¦„	no	jav	ID	Kawi	
Maka	Makasar	Makasar	ğ‘»ªğ‘»¢ğ‘»ªğ‘»¢	11	ğ‘»¥	no	mak	ID	Kawi	
Rjng	Rejang	Rejang (Redjang, Kaganga)	ê¥†ê¤°ê¥“ê¤¼ê¤½ ê¤½ê¥ê¤ºê¥	5.1	ê¤°	no	rej	ID	Kawi	
Sund	Sundanese	Sundanese	á®ƒá®Šá®ªá®á®› á®á®¥á®”á®ªá®“ á®Šá®¥á®”	5.1	á®ƒ	no	sun	ID	Kawi	
Tglg	Baybayin	Tagalog (Baybayin, Alibata)	áœŠáœŒáœ”áœŠáœŒáœ’áœˆáœ”	3.2	áœƒ	no	fil	PH	Kawi	
Buhd	Buhid	Buhid	áŠá“á‘á’	3.2	áƒ	no	bku	PH	Tglg	
Hano	Hanunoo	Hanunoo (HanunÃ³o)	áœ±áœ¨áœ³áœ¨áœ³áœ¢	3.2	áœ£	no	hnn	PH	Tglg	
Tagb	Tagbanwa	Tagbanwa	á¦áªá¯	3.2	á£	no	tbw	PH	Tglg	
Khmr	Khmer	Khmer	á¢á€áŸ’áŸášááŸ’á˜áŸ‚áš	3	á€	no	khm	KH	Brah	
Laoo	Lao	Lao	àº­àº±àºàºªàº­àº™àº¥àº²àº§	1.1	àº¥	no	lao	LA	Khmr	
Tavt	Tai Viet	Tai Viet	êªêª³ êª¼êª•	5.2	êª€	no	blt	VN	Khmr	
Tayo	Tai Yo	Tai Yo		17	ğ›•	no	tyj	VN	Khmr	
Thai	Thai	Thai	à¸­à¸±à¸à¸©à¸£à¹„à¸—à¸¢	1.1	à¸—	no	tha	TH	Khmr	
Knda	Kannada	Kannada	à²•à²¨à³à²¨à²¡ à²²à²¿à²ªà²¿	1.1	à²•	no	kan	IN	Brah	
Mtei	Meitei Mayek	Meitei Mayek (Meithei, Meetei)	ê¯ƒê¯©ê¯‡ê¯© ê¯ƒê¯Œê¯¦ê¯›	5.2	ê¯€	no	mni	IN	Brah	
Mymr	Mon-Burmese	Myanmar (Burmese)	á€™á€½á€”á€ºá€™á€¼á€”á€ºá€™á€¬á€¡á€€á€¹á€á€›á€¬	3	á€€	no	mya	MM	Brah	
Ahom	Tai Ahom	Ahom, Tai Ahom	ğ‘œ’ğ‘œ‘ğ‘œªğ‘œ¨	8	ğ‘œ—	no	aho	IN	Mymr	
Cakm	Chakma	Chakma	ğ‘„Œğ‘„‹ğ‘„´ğ‘„Ÿğ‘„³ğ‘„¦ ğ‘„ƒğ‘„§ğ‘„ğ‘„›ğ‘„–ğ‘„´	6.1	ğ‘„ƒ	no	ccp	BD	Mymr	
Lana	Tai Tham	Tai Tham (Lanna)	á¨²á© á©…á©«á¨µá©¢á¨¾á© á¨¾á©¼	5.2	á¨ 	no	nod	TH	Mymr	
Talu	New Tai Lue	New Tai Lue	á¦Ÿá¦²á§…á¦·á¦á¦ºá¦‘á¦Ÿá¦¹á§‰	4.1	á¦€	no	khb	CN	Lana	
Leke	Leke	Leke					kjp	MM	Mymr	
Tale	Tai Le	Tai Le	á¥–á¥­á¥° á¥˜á¥«á¥´	4	á¥	no	tdd	CN	Mymr	
Shrd	Sharada	Sharada, ÅšÄradÄ	ğ‘†¯ğ‘†³ğ‘†«ğ‘†¢ğ‘†³	6.1	ğ‘†ƒ	no	san	IN	Brah	
Guru	Gurmukhi	Gurmukhi	à¨—à©à¨°à¨®à©à¨–à©€	1.1	à¨•	no	pan	IN	Shrd	
Khoj	Khojki	Khojki	ğ‘ˆ‰ğ‘ˆ²ğ‘ˆğ‘ˆˆğ‘ˆ®	7	ğ‘ˆˆ	no	snd	IN	Shrd	
Mahj	Mahajani	Mahajani	ğ‘…¬ğ‘…±ğ‘…ğ‘…›ğ‘…§ğ‘…‘â€	7	ğ‘…’	no	hin	IN	Shrd	
Mult	Multani	Multani	ğ‘Š ğ‘Š‚ğ‘Š£ğ‘Š–ğ‘Š€ğ‘Ššğ‘Šâ€	8	ğ‘Š	no	skr	PK	Shrd	
Sind	Khudawadi	Khudawadi, Sindhi	ğ‘Š»ğ‘‹©ğ‘‹£ğ‘‹ğ‘‹ ğ‘‹”ğ‘‹ ğ‘‹ğ‘‹¢	7	ğ‘Š¾	no	snd	IN	Shrd	
Takr	Takri	Takri, á¹¬ÄkrÄ«, á¹¬Äá¹…krÄ«	ğ‘š”ğ‘š­ğ‘šŠğ‘š¤ğ‘š¯	6.1	ğ‘š€	no	doi	IN	Shrd	
Dogr	Dogra	Dogra	ğ‘ ğ‘ ¢ğ‘ ³ğ‘ · ğ‘ –ğ‘ µğ‘ Œğ‘ ¤ğ‘ ¬ ğ‘ €ğ‘ Šğ‘ ¹ğ‘ ‹ğ‘ ¤	11	ğ‘ ‹	no	doi	IN	Takr	
Sidd	Siddham	Siddham, Siddhaá¹ƒ, SiddhamÄtá¹›kÄ	ğ‘–­ğ‘–°ğ‘–Ÿğ‘–¿ğ‘– ğ‘–½	7	ğ‘–	no	san	IN	Brah	
Beng	Bengali	Bengali (Bangla)	à¦¬à¦¾à¦‚à¦²à¦¾-à¦…à¦¸à¦®à§€à¦¯à¦¼à¦¾	1.1	à¦•	no	ben	BD	Sidd	
Deva	Devanagari	Devanagari (Nagari)	à¤¦à¥‡à¤µà¤¨à¤¾à¤—à¤°à¥€	1.1	à¤…	no	hin	IN	Sidd	
Gong	Gunjala Gondi	Gunjala Gondi	ğ‘µ¶ğ‘¶ğ‘¶•ğ‘¶€ğ‘µµğ‘¶Š ğ‘µ¶ğ‘¶“ğ‘¶•ğ‘¶‚ğ‘¶‹ ğ‘µµğ‘¶‹ğ‘¶…ğ‘¶‹	11	ğ‘µ±	no	wsg	IN	Sidd	
Gujr	Gujarati	Gujarati	àª—à«àªœàª°àª¾àª¤à«€ àª²àª¿àªªàª¿	1.1	àª•	no	guj	IN	Sidd	
Kthi	Kaithi	Kaithi	ğ‘‚ğ‘‚¶ğ‘‚Ÿğ‘‚²	5.2	ğ‘‚ƒ	no	bho	IN	Sidd	
Sylo	Syloti Nagri	Syloti Nagri	ê ê ¤ê Ÿê ê ¤ ê ˜ê £ê ‰ê ê ¤	4.1	ê €	no	syl	BD	Kthi	
Modi	Modi, Moá¸Ä«	Modi, Moá¸Ä«	ğ‘˜¦ğ‘˜»ğ‘˜šğ‘˜²	7	ğ‘˜	no	mar	IN	Sidd	
Nand	Nandinagari	Nandinagari	ğ‘§ğ‘§ğ‘¦¿ğ‘§’ğ‘§ğ‘§‘ğ‘¦°ğ‘§ˆğ‘§“	12	ğ‘§	no	san	IN	Sidd	
Newa	Newari	Newa, Newar, Newari, NepÄla lipi	ğ‘¥ğ‘‘‚ğ‘¬ğ‘”ğ‘®ğ‘¶ğ‘Ÿ ğ‘£ğ‘¾ğ‘¥ğ‘µğ‘®	9	ğ‘’	no	new	NP	Sidd	
Orya	Oriya	Oriya (Odia)	à¬“à¬¡à¬¼à¬¿à¬† à¬…à¬•à­à¬·à¬°	1.1	à¬•	no	ori	IN	Sidd	
Ranj	Ranjana	Ranjana					new	NP	Sidd	
Soyo	Soyombo	Soyombo	ğ‘ªğ‘©–ğ‘©»ğ‘©–ğ‘ªŒğ‘©°ğ‘©– ğ‘©°ğ‘©‘ğ‘©¢ğ‘©‘ğ‘ªŠ	10	ğ‘©œ	no	cmg	MN	Ranj	
Tirh	Tirhuta	Tirhuta	ğ‘’ğ‘’±ğ‘’©ğ‘’¯ğ‘’³ğ‘’ğ‘’°	7	ğ‘’„	no	mai	IN	Sidd	
Taml	Tamil	Tamil	à®¤à®®à®¿à®´à¯	1.1	à®•	no	tam	IN	Brah	
Telu	Telugu	Telugu	à°¤à±†à°²à±à°—à± à°²à°¿à°ªà°¿	1.1	à°•	no	tel	IN	Brah	
Tibt	Tibetan	Tibetan	à½–à½¼à½‘à¼‹à½¡à½²à½‚à¼‹	2	à½€	no	bod	CN	Brah	
Gukh	Gurung Khema	Gurung Khema		16	ğ–„œ	no	gvr	NP	Tibt	
Lepc	Lepcha	Lepcha (RÃ³ng)	á°›á°©á°µá°›á°§á°µâ€	5.1	á°€	no	lep	IN	Tibt	
Limb	Limbu	Limbu	á¤•á¤ á¤°á¤Œá¤¢á¤± á¤á¤ á¤´	4	á¤€	no	lif	IN	Lepc	
Marc	Marchen	Marchen		9	ğ‘±²	no	bod	CN	Tibt	
Phag	Phags-pa	Phags-pa	ê¡ê¡¡ê¡ƒê¡£ê¡¡ê¡™ê¡ê¡œê¡	5	ê¡€	no	lzh	CN	Tibt	
Zanb	Zanabazar Square	Zanabazar Square (Zanabazarin DÃ¶rbÃ¶ljin Useg, Xewtee DÃ¶rbÃ¶ljin Bicig, Horizontal Square Script)	ğ‘¨¢ğ‘¨†ğ‘¨ğ‘¨³ğ‘¨‹ğ‘¨†ğ‘¨¬ğ‘¨³	10	ğ‘¨‹	no	cmg	MN	Phag	
Chrs	Chorasmian	Chorasmian		13	ğ¾¿	Yes	xco	UZ	Armi	
Elym	Elymaic	Elymaic		12	ğ¿±	Yes	arc	IR	Armi	
Hatr	Hatran	Hatran		8	ğ£´	Yes	arc	IQ	Armi	
Hebr	Hebrew	Hebrew	×¢Ö´×‘Ö°×¨Ö´×™×ª	1.1	×	Yes	heb	IL	Armi	
Khar	Kharoshthi	Kharoshthi	ğ¨‘ğ¨ªğ¨†ğ¨®ğ¨¿ğ¨›ğ¨ğ¨Œ	4.1	ğ¨€	Yes	pgd	PK	Armi	
Nbat	Nabataean	Nabataean		7	ğ¢–	Yes	arc	JO	Armi	
Arab	Arabic	Arabic	Ø§Ù„Ø®Ø· Ø§Ù„Ø¹Ø±Ø¨ÙŠ	1.1	Ø¨	Yes	ara	SA	Nbat	Aran
Aran	Nastaliq Arabic	Arabic (Nastaliq variant)	Ù†ÙØ³Ù’ØªÙØ¹Ù’Ù„ÙÛŒÙ‚	1.1			fas	IR	Arab	
Nkoo	Nâ€™Ko	Nâ€™Ko	ß’ßß	5	ß˜	Yes	man	GN	Arab	
Rohg	Hanifi Rohingya	Hanifi Rohingya	ğ´Œğ´Ÿğ´‡ğ´¥ğ´ğ´šğ´’ğ´™ğ´ ğ´‡ğ´ğ´•ğ´ğ´‰ğ´ ğ´“ğ´ ğ´‘ğ´¤ğ´	11	ğ´’	Yes	rhg	MM	Arab	
Thaa	Thaana	Thaana	ŞŒŞ§Ş‚Ş¦	3	ŞŒ	Yes	div	MV	Arab	
Palm	Palmyrene	Palmyrene		7	ğ¡³	Yes	arc	SY	Armi	
Prti	Inscriptional Parthian	Inscriptional Parthian		5.2	ğ­€	Yes	xpr	IR	Armi	
Phli	Inscriptional Pahlavi	Inscriptional Pahlavi		5.2	ğ­ 	Yes	pal	IR	Prti	
Phlp	Psalter Pahlavi	Psalter Pahlavi		7	ğ®	Yes	pal	CN	Phli	
Phlv	Book Pahlavi	Book Pahlavi							Phli	
Avst	Avestan	Avestan	ğ¬›ğ¬ğ¬¥ ğ¬›ğ¬€ğ¬ ğ¬Œğ¬­ğ¬«ğ¬µ	5.2	ğ¬€	Yes	ave	IR	Phlv	
Syre	Estrangelo Syriac	Syriac (Estrangelo variant)		3		Yes	syc	SY	Armi	
Syrc	Syriac	Syriac		3	Ü	Yes	syr	SY	Syre	Syre, Syrj, Syrn
Sogo	Old Sogdian	Old Sogdian		11	ğ¼™	Yes	sog	UZ	Syrc	
Sogd	Sogdian	Sogdian		11	ğ½‚	Yes	sog	UZ	Sogo	
Mani	Manichaean	Manichaean		7	ğ«	Yes	xmn	CN	Sogd	
Ougr	Old Uyghur	Old Uyghur	ğ½³ğ½¶ğ½²ğ½¶ğ½¾	14	ğ½¼	Yes	oui	CN	Sogd	
Syrj	Western Syriac	Syriac (Western variant)		3		Yes	tru	SY	Syre	
Syrn	Eastern Syriac	Syriac (Eastern variant)		3		Yes	syr	IQ	Syre	
Grek	Greek	Greek	Î•Î»Î»Î·Î½Î¹ÎºÏŒ Î±Î»Ï†Î¬Î²Î·Ï„Î¿	1.1	Î©	no	ell	GR	Phnx	
Armn	Armenian	Armenian	Õ€Õ¡ÕµÕ¸Ö Õ£Ö€Õ¥Ö€	1.1	Ô±	no	hye	AM	Grek	
Aghb	Caucasian Albanian	Caucasian Albanian		7	ğ”·	no	xag	AZ	Armn	
Cari	Carian	Carian		5.1	ğŠ·	no	xcr	TR	Grek	
Copt	Coptic	Coptic		4.1	Ï¢	no	cop	EG	Grek	
Glag	Glagolitic	Glagolitic	â°³â°¾â°°â°³â±â°¾â°»â±Œâ°°	4.1	â°€	no	chu	BG	Grek	
Cyrs	Old Cyrillic	Cyrillic (Old Church Slavonic variant)	Ğ¡Ğ»Ğ¾Ğ²Ñ£Ğ½ÑŒÑĞºĞ° Ğ°Ğ·ÑŠĞ±Ğ¾ÑƒĞºê™‘	1.1			chu	BG	Glag	
Cyrl	Cyrillic	Cyrillic		1.1	Ğ¯	no	rus	BG	Cyrs	
Perm	Old Permic	Old Permic	ğğğ‘ğ£â€ğ 	7	ğ«	no	kom	RU	Cyrl	
Goth	Gothic	Gothic		3.1	ğŒ°	no	got	UA	Grek	
Ital	Old Italic	Old Italic (Etruscan, Oscan, etc.)		3.1	ğŒˆ	no	ett	IT	Grek	
Latn	Latin	Latin		1.1	L	no	eng	IT	Ital	
Latf	Fraktur Latin	Latin (Fraktur variant)		1.1			deu	DE	Latn	
Latg	Gaelic Latin	Latin (Gaelic variant)		1.1			gle	IE	Latn	
Lisu	Lisu	Lisu (Fraser)		5.2	ê“¨	no	lis	CN	Latn	
Osge	Osage	Osage	ğ“ğ“˜ğ“»ğ“˜ğ“»ğ“Ÿ ğ’»ğ“Ÿ	9	ğ’µ	no	osa	US	Latn	
Runr	Runic	Runic	áš±áš¢áš¾á›áš²	3	áš 	no	non	SE	Ital	
Cirt	Cirth	Cirth					sjn	GB	Runr	
Lyci	Lycian	Lycian		5.1	ğŠ€	no	xlc	TR	Grek	
Sidt	Sidetic	Sidetic		17	ğ¥	Yes	xsd	TR	Grek	
Lydi	Lydian	Lydian		5.1	ğ¤ 	Yes	xld	TR	Phnx	
Samr	Samaritan	Samaritan		5.2	à €	Yes	smp	IL	Phnx	
Tfng	Tifinagh	Tifinagh (Berber)	âµœâµ‰â´¼âµ‰âµâ´°âµ–	4.1	âµ	no	zgh	MA	Phnx	
Sarb	Old South Arabian	Old South Arabian	ğ©£ğ©¯ğ©¬ğ©µ	5.2	ğ© 	Yes	xsa	YE	Psin	
Ethi	GeÊ»ez	Ethiopic (GeÊ»ez)	áŒá‹•á‹	3	áŠ 	no	amh	ET	Sarb	
Ugar	Ugaritic	Ugaritic		4	ğ€	no	uga	SY	Psin	
Bopo	Bopomofo	Bopomofo	ã„“ã„¨Ë‹ ã„§ã„£ ã„ˆã„¨ËŠ ã„ã„ Ë‹	1.1	ã„…	no	zho	CN	Hani	
Hanb	Han with Bopomofo	Han with Bopomofo (alias for Han + Bopomofo)		1.1				CN	Hani	Hani, Bopo
Hans	Simplified Han	Han (Simplified variant)	ç®€åŒ–å­—	1.1		no	zho	CN	Hani	
Hant	Traditional Han	Han (Traditional variant)	æ­£é«”å­—	1.1		no	zho	CN	Hani	
Hira	Hiragana	Hiragana	ã²ã‚‰ãŒãª	1.1	ã‹	no	jpn	JP	Hani	
Hrkt	Hiragana + Katakana	Japanese syllabaries (alias for Hiragana + Katakana)		1.1				JP	Hani	Hira, Kana
Jpan	Kanji + Hiragana + Katakana	Japanese (alias for Han + Hiragana + Katakana)		1.1				JP	Hani	Hani, Hira, Kana
Kana	Katakana	Katakana	ã‚«ã‚¿ã‚«ãƒŠ	1.1	ã‚«	no	jpn	JP	Hani	
Kits	Khitan small script	Khitan small script		13	ğ˜±¥	no	zkt	CN	Hani	
Jurc	Jurchen	Jurchen					juc	CN	Kits	
Kitl	Khitan large script	Khitan large script					zkt	CN	Kits	
Kore	Hangul + Hanja	Korean (alias for Hangul + Han)		1.1					Hani	Hani, Hang
Nshu	NÃ¼shu	NÃ¼shu	ğ›†ğ›ˆ¬	10	ğ›‡„	no		CN	Hani	
Yiii	Yi	Yi	ê†ˆêŒ ê±ê‚·	3	êŠˆ	no	iii	CN	Hani	
Adlm	Adlam	Adlam	ğ¤€ğ¤£ğ¤¤ğ¤¢ğ¤¥ ğ¤†ğ¤µğ¤¤ğ¤¢ğ¤ª	9	ğ¤‰	Yes	ful	GN	Invented	
Afak	Afaka	Afaka					djk	SR	Invented	
Bamu	Bamum	Bamum		5.2	êš 	no	bax	CM	Invented	
Bass	Bassa Vah	Bassa Vah	ğ–«”ğ–«§ğ–«±ğ–«’ğ–«¨ğ–«´ ğ–«£ğ–«§ğ–«±	7	ğ–«¦	no	bsq	LR	Invented	
Cans	Unified Canadian Aboriginal Syllabics	Unified Canadian Aboriginal Syllabics		3	á“€	no	cre	CA	Invented	
Plrd	Miao	Miao (Pollard)	ğ–½ƒğ–½”ğ–¾ ğ–½‘ğ–¼„ğ–½»ğ–¾	6.1	ğ–¼€	no	hmd	CN	Cans	
Cher	Cherokee	Cherokee	á£á³á©	3	á„	no	chr	US	Invented	
Dsrt	Deseret	Deseret (Mormon)	ğ”ğ¯ğ‘…ğ¨ğ‘‰ğ¯ğ»	3.1	ğ”	no	eng	US	Invented	
Dupl	Duployan	Duployan shorthand, Duployan stenography	ğ›°œğ›°ƒğ›±‡ğ›°šğ›±„ğ›°Šğ›°‹ğ›±ğ›°„ğ›±† ğ›°ˆğ›±’ğ›°‚ğ›°†ğ›±„ğ›±†ğ›±‡â€	7	ğ›° 	no	fra	FR	Invented	
Elba	Elbasan	Elbasan		7	ğ”€	no	sqi	AL	Invented	
Gara	Garay	Garay	á‚¾â´“â´šâ´“â´â´ˆ	16	ğµ	Yes	wol	SN	Invented	
Gonm	Masaram Gondi	Masaram Gondi		10	ğ‘´	no	esg	IN	Invented	
Hang	Hangul	Hangul (HangÅ­l, Hangeul)	í•œê¸€	1.1	ê°€	no	kor	KR	Invented	
Jamo	Jamo	Jamo (alias for Jamo subset of Hangul)		1.1			kor	KR	Hang	
Hmng	Pahawh Hmong	Pahawh Hmong	ğ–¬–ğ–¬°ğ–¬ğ–¬µ ğ–¬„ğ–¬¶ğ–¬Ÿ ğ–¬Œğ–¬£ğ–¬µ	7	ğ–¬œ	no	hnj	LA	Invented	
Hmnp	Nyiakeng Puachue Hmong	Nyiakeng Puachue Hmong	ğ„€ğ„©ğ„°ğ„ğ„“ğ„±ğ„‚ğ„¤ğ„³ğ„¬ğ„ƒğ„¤ğ„³â€	12	ğ„ˆ	no	mww	US	Invented	
Kali	Kayah Li	Kayah Li	ê¤Šê¤¢ê¤›ê¤¢ê¤­ ê¤œê¤Ÿê¤¤ê¤¬	5.1	ê¤Š	no	eky	MM	Invented	
Kpel	Kpelle	Kpelle					kpe	LR	Invented	
Krai	Kirat Rai	Kirat Rai		16	ğ–µ…	no	bap	IN	Invented	
Loma	Loma	Loma					lom	LR	Invented	
Mroo	Mro, Mru	Mro, Mru	ğ–©ƒğ–©“ğ–©‘	7	ğ–©	no	mro	BD	Invented	
Nagm	Nag Mundari	Nag Mundari	ğ“§ğ“Ÿğ“¨ğ“œğ“•ğ“£ğ“š ğ“—ğ“•ğ“¨ğ“š	15	ğ“¦	no	unr	IN	Invented	
Olck	Ol Chiki	Ol Chiki (Ol Cemetâ€™, Ol, Santali)	á±šá± á±ªá±¤á± á±¤	5.1	á±š	no	sat	IN	Invented	
Onao	Ol Onal	Ol Onal	ğ—˜ğ—ªğ—¢ğ—‘ğ—œğ—¥ğ—°	16	ğ—	no	unr	IN	Invented	
Osma	Osmanya	Osmanya	ğ’ğ’–ğ’‡ğ’‚ğ’– ğ’‹ğ’˜ğ’ˆğ’‘ğ’›ğ’’ğ’•ğ’–	4	ğ’€	no	som	SO	Invented	
Pauc	Pau Cin Hau	Pau Cin Hau		7	ğ‘«€	no	ctd	MM	Invented	
Piqd	Klingon	Klingon (KLI pIqaD)	ï£¤ï£—ï£œï£ï£› ï£–ï£ï£™				tlh	US	Invented	
Sara	Sarati	Sarati					qya	GB	Invented	
Teng	Tengwar	Tengwar					qya	GB	Sara	
Sgnw	SignWriting	SignWriting		8	ğ¡	no	ase	US	Invented	
Shaw	Shavian	Shavian (Shaw)	ğ‘–ğ‘±ğ‘ğ‘¾ğ‘¯ ğ‘¨ğ‘¤ğ‘“ğ‘©ğ‘šğ‘§ğ‘‘	4	ğ‘	no	eng	GB	Invented	
Sora	Sora Sompeng	Sora Sompeng	ğ‘ƒğ‘ƒ¦ğ‘ƒğ‘ƒ— ğ‘ƒğ‘ƒ¦ğ‘ƒ–ğ‘ƒ›ğ‘ƒ£ğ‘ƒ—	6.1	ğ‘ƒ	no	srb	IN	Invented	
Sunu	Sunuwar	Sunuwar		16	ğ‘¯„	no	suz	NP	Invented	
Tang	Tangut	Tangut		9	ğ˜ˆ©	no	txg	CN	Invented	
Tnsa	Tangsa	Tangsa	ğ–ª°ğ–©µğ–ª‚ğ–ª«ğ–©¸	14	ğ–ª¼	no	nst	IN	Invented	
Todr	Todhri	Todhri	ğ—¢ğ—šğ—ˆğ—ğ—’	16	ğ—‚	no	sqi	AL	Invented	
Tols	Tolong Siki	Tolong Siki		17	ğ‘·†	no	kru	IN	Invented	
Toto	Toto	Toto	ğŠ’ğŠªğŠ’ğŠª	14	ğŠ	no	txo	IN	Invented	
Vaii	Vai	Vai	ê•™ê”¤	5.1	ê•‰	no	vai	LR	Invented	
Visp	Visible Speech	Visible Speech							Invented	
Vith	Vithkuqi	Vithkuqi	ğ•²ğ–»ğ–¶ğ–¨ğ–·ğ–°ğ–¥	14	ğ–‚	no	sqi	AL	Invented	
Wara	Warang Citi	Warang Citi (Varang Kshiti)	ğ‘¢¹ğ‘£—ğ‘£ğ‘£œğ‘£Š ğ‘¢¯ğ‘£‚ğ‘£•ğ‘£‚	7	ğ‘¢´	no	hoc	IN	Invented	
Wcho	Wancho	Wancho	ğ‹’ğ‹€ğ‹‰ğ‹ƒğ‹•â€	12	ğ‹¡	no	nnp	IN	Invented	
Xsux	Cuneiform	Cuneiform, Sumero-Akkadian		5	ğ’€€	no	akk	IQ	Pcun	
Xpeo	Old Persian	Old Persian		4.1	ğ 	no	peo	IR	Xsux	
Geok	Khutsuri	Khutsuri (Asomtavruli and Nuskhuri)		1.1				GE	Unknown	
Geor	Mkhedruli	Georgian (Mkhedruli and Mtavruli)	áƒ›áƒ®áƒ”áƒ“áƒ áƒ£áƒšáƒ˜	1.1	áƒ“	no	kat	GE	Geok	
Hluw	Anatolian Hieroglyphs	Anatolian Hieroglyphs (Luwian Hieroglyphs, Hittite Hieroglyphs)		8	ğ”€	no	hlu	TR	Unknown	
Inds	Harappan	Indus (Harappan)					xiv	PK	Unknown	
Lina	Linear A	Linear A		7	ğ™‡	no	lab	GR	Unknown	
Cpmn	Cypro-Minoan	Cypro-Minoan		14	ğ’¿¥	no	und	CY	Lina	
Cprt	Cypriot syllabary	Cypriot syllabary		4	ğ €	Yes	ecy	CY	Cpmn	
Linb	Linear B	Linear B		4	ğ€€	no	gmy	GR	Lina	
Ogam	Ogham	Ogham	áš›áš‘ášŒášáš‹ášœ	3	áš	no	sga	IE	Unknown	
Orkh	Old Turkic	Old Turkic, Orkhon Runic		5.2	ğ°€	Yes	otk	MN	Unknown	
Hung	Hungarian Runic	Old Hungarian (Hungarian Runic)	ğ²¥ğ³‹ğ³“ğ³‰ğ³—-ğ²˜ğ³€ğ³ğ³€ğ³¢ ğ²¢ğ³›ğ³®ğ³ğ³¤	8	ğ²¡	Yes	hun	HU	Orkh	
Pelm	Proto-Elamite	Proto-Elamite					elx	IR	Unknown	
Roro	Rongorongo	Rongorongo					rap	CL	Unknown	
Shui	Shuishu	Shuishu					swi	CN	Unknown	
Wole	Woleai	Woleai					woe	FM	Unknown	
Yezi	Yezidi	Yezidi		13	ğºˆ	Yes	kur	GE	Unknown	