ISO 15924 (sortkey)	Display Name	Full Name	Endonym	First Unicode Version	Sample	RTL?	Language of Origin	Territory of Origin	Writing System Orig	Group of other writing systems	Scope
Chis	Chisoi	Chisoi		17	ğ–¶“	no	kyw	IN			Individual script
Egyp	Egyptian hieroglyphs	Egyptian hieroglyphs		5.2	ğ“…“	no	egy	EG			Individual script
Hani	Han characters	Han (Hanzi, Kanji, Hanja)		1.1	å­—	no	zho	CN			Group
Invented	Invented	Recently invented in modern times									Group
Maya	Mayan hieroglyphs	Mayan hieroglyphs					myn	GT			Individual script
Pcun	Proto-Cuneiform	Proto-Cuneiform					sux	IQ			Individual script
Qaaa	Reserved for private use (start)	Reserved for private use (start)									Special Code
Qabx	Reserved for private use (end)	Reserved for private use (end)									Special Code
Zinh	Code for inherited script	Code for inherited script			Ì	n/a					Special Code
Zmth	Mathematical notation	Mathematical notation		3.2							Special Code
Zsye	Symbols (Emoji variant)	Symbols (Emoji variant)		6							Special Code
Zsym	Symbols	Symbols		1.1							Special Code
Zxxx	Unwritten documents	Code for unwritten documents									Special Code
Zyyy	Undetermine script	Code for undetermined script			@	n/a					Special Code
Zzzz	Uncoded script	Code for uncoded script			ï·	n/a					Special Code
Egyh	Egyptian hieratic	Egyptian hieratic		5.2			egy	EG	Egyp		Individual script
Egyd	Egyptian demotic	Egyptian demotic					egy	EG	Egyh		Individual script
Merc	Meroitic Cursive	Meroitic Cursive		6.1	ğ¦ 	Yes	xmr	SD	Egyd		Individual script
Mero	Meroitic Hieroglyphs	Meroitic Hieroglyphs		6.1	ğ¦€	Yes	xmr	SD	Egyp		Individual script
Psin	Proto-Sinaitic	Proto-Sinaitic					hbo	EG	Egyp		Individual script
Narb	Old North Arabian	Old North Arabian (Ancient North Arabian)		7	ğª•	Yes	xna	SA	Psin		Individual script
Phnx	Phoenician	Phoenician		5	ğ¤€	Yes	phn	LB	Psin		Individual script
Armi	Imperial Aramaic	Imperial Aramaic		5.2	ğ¡€	Yes	arc	IR	Phnx		Individual script
Brah	Brahmi	Brahmi		6	ğ‘€…	no	pka	IN	Armi		Individual script
Bhks	Bhaiksuki	Bhaiksuki	ğ‘°¥ğ‘°¹ğ‘°ğ‘°¿ğ‘°¬ğ‘°²ğ‘°ğ‘°±	9	ğ‘°	no	san	IN	Brah		Individual script
Cham	Cham	Cham	ê¨€ê¨‡ê©‰ ê¨Œê©Œ	5.1	ê¨€	no	cjm	VN	Brah		Individual script
Gran	Grantha	Grantha	ğ‘Œ—ğ‘ğ‘Œ°ğ‘Œ¨ğ‘ğ‘Œ¥	7	ğ‘Œ•	no	san	IN	Brah		Individual script
Diak	Dives Akuru	Dives Akuru	ğ‘¤™ğ‘¤±ğ‘¤©ğ‘¤µğ‘¤­ğ‘¤± ğ‘¤€ğ‘¤Œğ‘¤³ğ‘¤§ğ‘¤³	13	ğ‘¤Œ	no	div	MV	Gran		Individual script
Mlym	Malayalam	Malayalam	à´®à´²à´¯à´¾à´³à´®àµ†à´´àµà´¤àµà´¤àµ	1.1	à´•	no	mal	IN	Gran		Individual script
Saur	Saurashtra	Saurashtra	ê¢±ê£ƒê¢¬ê¢µê¢°ê£„ê¢œê£„ê¢¬	5.1	ê¢‚	no	saz	IN	Gran		Individual script
Sinh	Sinhala	Sinhala	à·ƒà·’à¶‚à·„à¶½ à¶…à¶šà·Šà·‚à¶» à¶¸à·à¶½à·à·€	3	à¶…	no	sin	LK	Gran		Individual script
Tutg	Tulu-Tigalari	Tulu-Tigalari		16	ğ‘’	no	san	IN	Gran		Individual script
Kawi	Kawi	Kawi	ğ‘¼„ğ‘¼’ğ‘½‚ğ‘¼°ğ‘¼¬ğ‘¼’ğ‘¼®ğ‘¼¶	15	ğ‘¼›	no	kaw	ID	Brah		Individual script
Bali	Balinese	Balinese	á¬…á¬“á­„á¬±á¬­á¬©á¬®á¬¶	5	á¬…	no	ban	ID	Kawi		Individual script
Batk	Batak	Batak	á¯˜á¯®á¯’á¯–á¯²â€Šá¯…á¯–á¯‚á¯²	6	á¯€	no	bbc	ID	Kawi		Individual script
Bugi	Buginese	Buginese	á¨’á¨šá¨ˆá¨‘	4.1	á¨€	no	bug	ID	Kawi		Individual script
Java	Javanese	Javanese	ê¦²ê¦ê§€ê¦±ê¦«ê¦—ê¦®	5.2	ê¦„	no	jav	ID	Kawi		Individual script
Maka	Makasar	Makasar	ğ‘»ªğ‘»¢ğ‘»ªğ‘»¢	11	ğ‘»¥	no	mak	ID	Kawi		Individual script
Rjng	Rejang	Rejang (Redjang, Kaganga)	ê¥†ê¤°ê¥“ê¤¼ê¤½ ê¤½ê¥ê¤ºê¥	5.1	ê¤°	no	rej	ID	Kawi		Individual script
Sund	Sundanese	Sundanese	á®ƒá®Šá®ªá®á®› á®á®¥á®”á®ªá®“ á®Šá®¥á®”	5.1	á®ƒ	no	sun	ID	Kawi		Individual script
Tglg	Baybayin	Tagalog (Baybayin, Alibata)	áœŠáœŒáœ”áœŠáœŒáœ’áœˆáœ”	3.2	áœƒ	no	fil	PH	Kawi		Individual script
Buhd	Buhid	Buhid	áŠá“á‘á’	3.2	áƒ	no	bku	PH	Tglg		Individual script
Hano	Hanunoo	Hanunoo (HanunÃ³o)	áœ±áœ¨áœ³áœ¨áœ³áœ¢	3.2	áœ£	no	hnn	PH	Tglg		Individual script
Tagb	Tagbanwa	Tagbanwa	á¦áªá¯	3.2	á£	no	tbw	PH	Tglg		Individual script
Khmr	Khmer	Khmer	á¢á€áŸ’áŸášááŸ’á˜áŸ‚áš	3	á€	no	khm	KH	Brah		Individual script
Laoo	Lao	Lao	àº­àº±àºàºªàº­àº™àº¥àº²àº§	1.1	àº¥	no	lao	LA	Khmr		Individual script
Tavt	Tai Viet	Tai Viet	êªêª³ êª¼êª•	5.2	êª€	no	blt	VN	Khmr		Individual script
Tayo	Tai Yo	Tai Yo		17	ğ›•	no	tyj	VN	Khmr		Individual script
Thai	Thai	Thai	à¸­à¸±à¸à¸©à¸£à¹„à¸—à¸¢	1.1	à¸—	no	tha	TH	Khmr		Individual script
Knda	Kannada	Kannada	à²•à²¨à³à²¨à²¡ à²²à²¿à²ªà²¿	1.1	à²•	no	kan	IN	Brah		Individual script
Mtei	Meitei Mayek	Meitei Mayek (Meithei, Meetei)	ê¯ƒê¯©ê¯‡ê¯© ê¯ƒê¯Œê¯¦ê¯›	5.2	ê¯€	no	mni	IN	Brah		Individual script
Mymr	Mon-Burmese	Myanmar (Burmese)	á€™á€½á€”á€ºá€™á€¼á€”á€ºá€™á€¬á€¡á€€á€¹á€á€›á€¬	3	á€€	no	mya	MM	Brah		Individual script
Ahom	Tai Ahom	Ahom, Tai Ahom	ğ‘œ’ğ‘œ‘ğ‘œªğ‘œ¨	8	ğ‘œ—	no	aho	IN	Mymr		Individual script
Cakm	Chakma	Chakma	ğ‘„Œğ‘„‹ğ‘„´ğ‘„Ÿğ‘„³ğ‘„¦ ğ‘„ƒğ‘„§ğ‘„ğ‘„›ğ‘„–ğ‘„´	6.1	ğ‘„ƒ	no	ccp	BD	Mymr		Individual script
Lana	Tai Tham	Tai Tham (Lanna)	á¨²á© á©…á©«á¨µá©¢á¨¾á© á¨¾á©¼	5.2	á¨ 	no	nod	TH	Mymr		Individual script
Talu	New Tai Lue	New Tai Lue	á¦Ÿá¦²á§…á¦·á¦á¦ºá¦‘á¦Ÿá¦¹á§‰	4.1	á¦€	no	khb	CN	Lana		Individual script
Leke	Leke	Leke					kjp	MM	Mymr		Individual script
Tale	Tai Le	Tai Le	á¥–á¥­á¥° á¥˜á¥«á¥´	4	á¥	no	tdd	CN	Mymr		Individual script
Shrd	Sharada	Sharada, ÅšÄradÄ	ğ‘†¯ğ‘†³ğ‘†«ğ‘†¢ğ‘†³	6.1	ğ‘†ƒ	no	san	IN	Brah		Individual script
Guru	Gurmukhi	Gurmukhi	à¨—à©à¨°à¨®à©à¨–à©€	1.1	à¨•	no	pan	IN	Shrd		Individual script
Khoj	Khojki	Khojki	ğ‘ˆ‰ğ‘ˆ²ğ‘ˆğ‘ˆˆğ‘ˆ®	7	ğ‘ˆˆ	no	snd	IN	Shrd		Individual script
Mahj	Mahajani	Mahajani	ğ‘…¬ğ‘…±ğ‘…ğ‘…›ğ‘…§ğ‘…‘â€	7	ğ‘…’	no	hin	IN	Shrd		Individual script
Mult	Multani	Multani	ğ‘Š ğ‘Š‚ğ‘Š£ğ‘Š–ğ‘Š€ğ‘Ššğ‘Šâ€	8	ğ‘Š	no	skr	PK	Shrd		Individual script
Sind	Khudawadi	Khudawadi, Sindhi	ğ‘Š»ğ‘‹©ğ‘‹£ğ‘‹ğ‘‹ ğ‘‹”ğ‘‹ ğ‘‹ğ‘‹¢	7	ğ‘Š¾	no	snd	IN	Shrd		Individual script
Takr	Takri	Takri, á¹¬ÄkrÄ«, á¹¬Äá¹…krÄ«	ğ‘š”ğ‘š­ğ‘šŠğ‘š¤ğ‘š¯	6.1	ğ‘š€	no	doi	IN	Shrd		Individual script
Dogr	Dogra	Dogra	ğ‘ ğ‘ ¢ğ‘ ³ğ‘ · ğ‘ –ğ‘ µğ‘ Œğ‘ ¤ğ‘ ¬ ğ‘ €ğ‘ Šğ‘ ¹ğ‘ ‹ğ‘ ¤	11	ğ‘ ‹	no	doi	IN	Takr		Individual script
Sidd	Siddham	Siddham, Siddhaá¹ƒ, SiddhamÄtá¹›kÄ	ğ‘–­ğ‘–°ğ‘–Ÿğ‘–¿ğ‘– ğ‘–½	7	ğ‘–	no	san	IN	Brah		Individual script
Beng	Bengali	Bengali (Bangla)	à¦¬à¦¾à¦‚à¦²à¦¾-à¦…à¦¸à¦®à§€à¦¯à¦¼à¦¾	1.1	à¦•	no	ben	BD	Sidd		Individual script
Deva	Devanagari	Devanagari (Nagari)	à¤¦à¥‡à¤µà¤¨à¤¾à¤—à¤°à¥€	1.1	à¤…	no	hin	IN	Sidd		Individual script
Gong	Gunjala Gondi	Gunjala Gondi	ğ‘µ¶ğ‘¶ğ‘¶•ğ‘¶€ğ‘µµğ‘¶Š ğ‘µ¶ğ‘¶“ğ‘¶•ğ‘¶‚ğ‘¶‹ ğ‘µµğ‘¶‹ğ‘¶…ğ‘¶‹	11	ğ‘µ±	no	wsg	IN	Sidd		Individual script
Gujr	Gujarati	Gujarati	àª—à«àªœàª°àª¾àª¤à«€ àª²àª¿àªªàª¿	1.1	àª•	no	guj	IN	Sidd		Individual script
Kthi	Kaithi	Kaithi	ğ‘‚ğ‘‚¶ğ‘‚Ÿğ‘‚²	5.2	ğ‘‚ƒ	no	bho	IN	Sidd		Individual script
Sylo	Syloti Nagri	Syloti Nagri	ê ê ¤ê Ÿê ê ¤ ê ˜ê £ê ‰ê ê ¤	4.1	ê €	no	syl	BD	Kthi		Individual script
Modi	Modi, Moá¸Ä«	Modi, Moá¸Ä«	ğ‘˜¦ğ‘˜»ğ‘˜šğ‘˜²	7	ğ‘˜	no	mar	IN	Sidd		Individual script
Nand	Nandinagari	Nandinagari	ğ‘§ğ‘§ğ‘¦¿ğ‘§’ğ‘§ğ‘§‘ğ‘¦°ğ‘§ˆğ‘§“	12	ğ‘§	no	san	IN	Sidd		Individual script
Newa	Newari	Newa, Newar, Newari, NepÄla lipi	ğ‘¥ğ‘‘‚ğ‘¬ğ‘”ğ‘®ğ‘¶ğ‘Ÿ ğ‘£ğ‘¾ğ‘¥ğ‘µğ‘®	9	ğ‘’	no	new	NP	Sidd		Individual script
Orya	Oriya	Oriya (Odia)	à¬“à¬¡à¬¼à¬¿à¬† à¬…à¬•à­à¬·à¬°	1.1	à¬•	no	ori	IN	Sidd		Individual script
Ranj	Ranjana	Ranjana					new	NP	Sidd		Individual script
Soyo	Soyombo	Soyombo	ğ‘ªğ‘©–ğ‘©»ğ‘©–ğ‘ªŒğ‘©°ğ‘©– ğ‘©°ğ‘©‘ğ‘©¢ğ‘©‘ğ‘ªŠ	10	ğ‘©œ	no	cmg	MN	Ranj		Individual script
Tirh	Tirhuta	Tirhuta	ğ‘’ğ‘’±ğ‘’©ğ‘’¯ğ‘’³ğ‘’ğ‘’°	7	ğ‘’„	no	mai	IN	Sidd		Individual script
Taml	Tamil	Tamil	à®¤à®®à®¿à®´à¯	1.1	à®•	no	tam	IN	Brah		Individual script
Telu	Telugu	Telugu	à°¤à±†à°²à±à°—à± à°²à°¿à°ªà°¿	1.1	à°•	no	tel	IN	Brah		Individual script
Tibt	Tibetan	Tibetan	à½–à½¼à½‘à¼‹à½¡à½²à½‚à¼‹	2	à½€	no	bod	CN	Brah		Individual script
Gukh	Gurung Khema	Gurung Khema		16	ğ–„œ	no	gvr	NP	Tibt		Individual script
Lepc	Lepcha	Lepcha (RÃ³ng)	á°›á°©á°µá°›á°§á°µâ€	5.1	á°€	no	lep	IN	Tibt		Individual script
Limb	Limbu	Limbu	á¤•á¤ á¤°á¤Œá¤¢á¤± á¤á¤ á¤´	4	á¤€	no	lif	IN	Lepc		Individual script
Marc	Marchen	Marchen		9	ğ‘±²	no	bod	CN	Tibt		Individual script
Phag	Phags-pa	Phags-pa	ê¡ê¡¡ê¡ƒê¡£ê¡¡ê¡™ê¡ê¡œê¡	5	ê¡€	no	lzh	CN	Tibt		Individual script
Zanb	Zanabazar Square	Zanabazar Square (Zanabazarin DÃ¶rbÃ¶ljin Useg, Xewtee DÃ¶rbÃ¶ljin Bicig, Horizontal Square Script)	ğ‘¨¢ğ‘¨†ğ‘¨ğ‘¨³ğ‘¨‹ğ‘¨†ğ‘¨¬ğ‘¨³	10	ğ‘¨‹	no	cmg	MN	Phag		Individual script
Chrs	Chorasmian	Chorasmian		13	ğ¾¿	Yes	xco	UZ	Armi		Individual script
Elym	Elymaic	Elymaic		12	ğ¿±	Yes	arc	IR	Armi		Individual script
Hatr	Hatran	Hatran		8	ğ£´	Yes	arc	IQ	Armi		Individual script
Hebr	Hebrew	Hebrew	×¢Ö´×‘Ö°×¨Ö´×™×ª	1.1	×	Yes	heb	IL	Armi		Individual script
Khar	Kharoshthi	Kharoshthi	ğ¨‘ğ¨ªğ¨†ğ¨®ğ¨¿ğ¨›ğ¨ğ¨Œ	4.1	ğ¨€	Yes	pgd	PK	Armi		Individual script
Mand	Mandaic	Mandaic, Mandaean		6	à¡€	Yes	myz	IR	Armi		Individual script
Nbat	Nabataean	Nabataean		7	ğ¢–	Yes	arc	JO	Armi		Individual script
Arab	Arabic	Arabic	Ø§Ù„Ø®Ø· Ø§Ù„Ø¹Ø±Ø¨ÙŠ	1.1	Ø¨	Yes	ara	SA	Nbat	Aran	Individual script
Aran	Nastaliq Arabic	Arabic (Nastaliq variant)	Ù†ÙØ³Ù’ØªÙØ¹Ù’Ù„ÙÛŒÙ‚	1.1			fas	IR	Arab		Variation
Nkoo	Nâ€™Ko	Nâ€™Ko	ß’ßß	5	ß˜	Yes	man	GN	Arab		Individual script
Rohg	Hanifi Rohingya	Hanifi Rohingya	ğ´Œğ´Ÿğ´‡ğ´¥ğ´ğ´šğ´’ğ´™ğ´ ğ´‡ğ´ğ´•ğ´ğ´‰ğ´ ğ´“ğ´ ğ´‘ğ´¤ğ´	11	ğ´’	Yes	rhg	MM	Arab		Individual script
Thaa	Thaana	Thaana	ŞŒŞ§Ş‚Ş¦	3	ŞŒ	Yes	div	MV	Arab		Individual script
Palm	Palmyrene	Palmyrene		7	ğ¡³	Yes	arc	SY	Armi		Individual script
Prti	Inscriptional Parthian	Inscriptional Parthian		5.2	ğ­€	Yes	xpr	IR	Armi		Individual script
Phli	Inscriptional Pahlavi	Inscriptional Pahlavi		5.2	ğ­ 	Yes	pal	IR	Prti		Individual script
Phlp	Psalter Pahlavi	Psalter Pahlavi		7	ğ®	Yes	pal	CN	Phli		Individual script
Phlv	Book Pahlavi	Book Pahlavi							Phli		Individual script
Avst	Avestan	Avestan	ğ¬›ğ¬ğ¬¥ ğ¬›ğ¬€ğ¬ ğ¬Œğ¬­ğ¬«ğ¬µ	5.2	ğ¬€	Yes	ave	IR	Phlv		Individual script
Syre	Estrangelo Syriac	Syriac (Estrangelo variant)		3		Yes	syc	SY	Armi		Individual script
Syrc	Syriac	Syriac		3	Ü	Yes	syr	SY	Syre	Syre, Syrj, Syrn	Individual script
Sogo	Old Sogdian	Old Sogdian		11	ğ¼™	Yes	sog	UZ	Syrc		Individual script
Sogd	Sogdian	Sogdian		11	ğ½‚	Yes	sog	UZ	Sogo		Individual script
Mani	Manichaean	Manichaean		7	ğ«	Yes	xmn	CN	Sogd		Individual script
Ougr	Old Uyghur	Old Uyghur	ğ½³ğ½¶ğ½²ğ½¶ğ½¾	14	ğ½¼	Yes	oui	CN	Sogd		Individual script
Syrj	Western Syriac	Syriac (Western variant)		3		Yes	tru	SY	Syre		Variation
Syrn	Eastern Syriac	Syriac (Eastern variant)		3		Yes	syr	IQ	Syre		Variation
Grek	Greek	Greek	Î•Î»Î»Î·Î½Î¹ÎºÏŒ Î±Î»Ï†Î¬Î²Î·Ï„Î¿	1.1	Î©	no	ell	GR	Phnx		Individual script
Armn	Armenian	Armenian	Õ€Õ¡ÕµÕ¸Ö Õ£Ö€Õ¥Ö€	1.1	Ô±	no	hye	AM	Grek		Individual script
Aghb	Caucasian Albanian	Caucasian Albanian		7	ğ”·	no	xag	AZ	Armn		Individual script
Cari	Carian	Carian		5.1	ğŠ·	no	xcr	TR	Grek		Individual script
Copt	Coptic	Coptic		4.1	Ï¢	no	cop	EG	Grek		Individual script
Glag	Glagolitic	Glagolitic	â°³â°¾â°°â°³â±â°¾â°»â±Œâ°°	4.1	â°€	no	chu	BG	Grek		Individual script
Cyrs	Old Cyrillic	Cyrillic (Old Church Slavonic variant)	Ğ¡Ğ»Ğ¾Ğ²Ñ£Ğ½ÑŒÑĞºĞ° Ğ°Ğ·ÑŠĞ±Ğ¾ÑƒĞºê™‘	1.1			chu	BG	Glag		Individual script
Cyrl	Cyrillic	Cyrillic		1.1	Ğ¯	no	rus	BG	Cyrs		Individual script
Perm	Old Permic	Old Permic	ğğğ‘ğ£â€ğ 	7	ğ«	no	kom	RU	Cyrl		Individual script
Goth	Gothic	Gothic		3.1	ğŒ°	no	got	UA	Grek		Individual script
Ital	Old Italic	Old Italic (Etruscan, Oscan, etc.)		3.1	ğŒˆ	no	ett	IT	Grek		Individual script
Latn	Latin	Latin		1.1	L	no	eng	IT	Ital		Individual script
Latf	Fraktur Latin	Latin (Fraktur variant)		1.1			deu	DE	Latn		Variation
Latg	Gaelic Latin	Latin (Gaelic variant)		1.1			gle	IE	Latn		Variation
Lisu	Lisu	Lisu (Fraser)		5.2	ê“¨	no	lis	CN	Latn		Individual script
Moon	Moon	Moon (Moon code, Moon script, Moon type)					eng	GB	Latn		Individual script
Osge	Osage	Osage	ğ“ğ“˜ğ“»ğ“˜ğ“»ğ“Ÿ ğ’»ğ“Ÿ	9	ğ’µ	no	osa	US	Latn		Individual script
Runr	Runic	Runic	áš±áš¢áš¾á›áš²	3	áš 	no	non	SE	Ital		Individual script
Cirt	Cirth	Cirth					sjn	GB	Runr		Individual script
Lyci	Lycian	Lycian		5.1	ğŠ€	no	xlc	TR	Grek		Individual script
Sidt	Sidetic	Sidetic		17	ğ¥	Yes	xsd	TR	Grek		Individual script
Lydi	Lydian	Lydian		5.1	ğ¤ 	Yes	xld	TR	Phnx		Individual script
Samr	Samaritan	Samaritan		5.2	à €	Yes	smp	IL	Phnx		Individual script
Tfng	Tifinagh	Tifinagh (Berber)	âµœâµ‰â´¼âµ‰âµâ´°âµ–	4.1	âµ	no	zgh	MA	Phnx		Individual script
Sarb	Old South Arabian	Old South Arabian	ğ©£ğ©¯ğ©¬ğ©µ	5.2	ğ© 	Yes	xsa	YE	Psin		Individual script
Ethi	GeÊ»ez	Ethiopic (GeÊ»ez)	áŒá‹•á‹	3	áŠ 	no	amh	ET	Sarb		Individual script
Ugar	Ugaritic	Ugaritic		4	ğ€	no	uga	SY	Psin		Individual script
Bopo	Bopomofo	Bopomofo	ã„“ã„¨Ë‹ ã„§ã„£ ã„ˆã„¨ËŠ ã„ã„ Ë‹	1.1	ã„…	no	zho	CN	Hani		Individual script
Hanb	Han with Bopomofo	Han with Bopomofo (alias for Han + Bopomofo)		1.1				CN	Hani	Hani, Bopo	Group
Hans	Simplified Han	Han (Simplified variant)	ç®€åŒ–å­—	1.1		no	zho	CN	Hani		Individual script
Hant	Traditional Han	Han (Traditional variant)	æ­£é«”å­—	1.1		no	zho	CN	Hani		Individual script
Hira	Hiragana	Hiragana	ã²ã‚‰ãŒãª	1.1	ã‹	no	jpn	JP	Hani		Individual script
Hrkt	Hiragana + Katakana	Japanese syllabaries (alias for Hiragana + Katakana)		1.1				JP	Hani	Hira, Kana	Group
Jpan	Kanji + Hiragana + Katakana	Japanese (alias for Han + Hiragana + Katakana)		1.1				JP	Hani	Hani, Hira, Kana	Group
Kana	Katakana	Katakana	ã‚«ã‚¿ã‚«ãƒŠ	1.1	ã‚«	no	jpn	JP	Hani		Individual script
Kits	Khitan small script	Khitan small script		13	ğ˜±¥	no	zkt	CN	Hani		Individual script
Jurc	Jurchen	Jurchen					juc	CN	Kits		Individual script
Kitl	Khitan large script	Khitan large script					zkt	CN	Kits		Variation
Kore	Hangul + Hanja	Korean (alias for Hangul + Han)		1.1					Hani	Hani, Hang	Group
Nshu	NÃ¼shu	NÃ¼shu	ğ›†ğ›ˆ¬	10	ğ›‡„	no		CN	Hani		Individual script
Yiii	Yi	Yi	ê†ˆêŒ ê±ê‚·	3	êŠˆ	no	iii	CN	Hani		Individual script
Adlm	Adlam	Adlam	ğ¤€ğ¤£ğ¤¤ğ¤¢ğ¤¥ ğ¤†ğ¤µğ¤¤ğ¤¢ğ¤ª	9	ğ¤‰	Yes	ful	GN	Invented		Individual script
Afak	Afaka	Afaka					djk	SR	Invented		Individual script
Bamu	Bamum	Bamum		5.2	êš 	no	bax	CM	Invented		Individual script
Bass	Bassa Vah	Bassa Vah	ğ–«”ğ–«§ğ–«±ğ–«’ğ–«¨ğ–«´ ğ–«£ğ–«§ğ–«±	7	ğ–«¦	no	bsq	LR	Invented		Individual script
Berf	Beria Erfe	Beria Erfe					zag	TD	Invented		Individual script
Blis	Blissymbols	Blissymbols					zbl		Invented		Individual script
Brai	Braille	Braille		3	â 	n/a		FR	Invented		Individual script
Cans	Unified Canadian Aboriginal Syllabics	Unified Canadian Aboriginal Syllabics		3	á“€	no	cre	CA	Invented		Individual script
Plrd	Miao	Miao (Pollard)	ğ–½ƒğ–½”ğ–¾ ğ–½‘ğ–¼„ğ–½»ğ–¾	6.1	ğ–¼€	no	hmd	CN	Cans		Individual script
Cher	Cherokee	Cherokee	á£á³á©	3	á„	no	chr	US	Invented		Individual script
Dsrt	Deseret	Deseret (Mormon)	ğ”ğ¯ğ‘…ğ¨ğ‘‰ğ¯ğ»	3.1	ğ”	no	eng	US	Invented		Individual script
Dupl	Duployan	Duployan shorthand, Duployan stenography	ğ›°œğ›°ƒğ›±‡ğ›°šğ›±„ğ›°Šğ›°‹ğ›±ğ›°„ğ›±† ğ›°ˆğ›±’ğ›°‚ğ›°†ğ›±„ğ›±†ğ›±‡â€	7	ğ›° 	no	fra	FR	Invented		Individual script
Elba	Elbasan	Elbasan		7	ğ”€	no	sqi	AL	Invented		Individual script
Gara	Garay	Garay	á‚¾â´“â´šâ´“â´â´ˆ	16	ğµ	Yes	wol	SN	Invented		Individual script
Gonm	Masaram Gondi	Masaram Gondi		10	ğ‘´	no	esg	IN	Invented		Individual script
Hang	Hangul	Hangul (HangÅ­l, Hangeul)	í•œê¸€	1.1	ê°€	no	kor	KR	Invented		Individual script
Jamo	Jamo	Jamo (alias for Jamo subset of Hangul)		1.1			kor	KR	Hang		Variation
Hmng	Pahawh Hmong	Pahawh Hmong	ğ–¬–ğ–¬°ğ–¬ğ–¬µ ğ–¬„ğ–¬¶ğ–¬Ÿ ğ–¬Œğ–¬£ğ–¬µ	7	ğ–¬œ	no	hnj	LA	Invented		Individual script
Hmnp	Nyiakeng Puachue Hmong	Nyiakeng Puachue Hmong	ğ„€ğ„©ğ„°ğ„ğ„“ğ„±ğ„‚ğ„¤ğ„³ğ„¬ğ„ƒğ„¤ğ„³â€	12	ğ„ˆ	no	mww	US	Invented		Individual script
Kali	Kayah Li	Kayah Li	ê¤Šê¤¢ê¤›ê¤¢ê¤­ ê¤œê¤Ÿê¤¤ê¤¬	5.1	ê¤Š	no	eky	MM	Invented		Individual script
Kpel	Kpelle	Kpelle					kpe	LR	Invented		Individual script
Krai	Kirat Rai	Kirat Rai		16	ğ–µ…	no	bap	IN	Invented		Individual script
Loma	Loma	Loma					lom	LR	Invented		Individual script
Medf	Medefaidrin	Medefaidrin (Oberi Okaime, Oberi Æ†kaimÉ›)	ğ–¹ğ–¹°ğ–¹¯ğ–¹¼ğ–¹« ğ–¹šğ–¹¬ğ–¹¾ğ–¹ ğ–¹¯â€	11	ğ–¹€	no	dmf	NG	Invented		Individual script
Mend	Mende Kikakui	Mende Kikakui		7	ğ ‚	Yes	men	SL	Invented		Individual script
Mroo	Mro, Mru	Mro, Mru	ğ–©ƒğ–©“ğ–©‘	7	ğ–©	no	mro	BD	Invented		Individual script
Nagm	Nag Mundari	Nag Mundari	ğ“§ğ“Ÿğ“¨ğ“œğ“•ğ“£ğ“š ğ“—ğ“•ğ“¨ğ“š	15	ğ“¦	no	unr	IN	Invented		Individual script
Olck	Ol Chiki	Ol Chiki (Ol Cemetâ€™, Ol, Santali)	á±šá± á±ªá±¤á± á±¤	5.1	á±š	no	sat	IN	Invented		Individual script
Onao	Ol Onal	Ol Onal	ğ—˜ğ—ªğ—¢ğ—‘ğ—œğ—¥ğ—°	16	ğ—	no	unr	IN	Invented		Individual script
Osma	Osmanya	Osmanya	ğ’ğ’–ğ’‡ğ’‚ğ’– ğ’‹ğ’˜ğ’ˆğ’‘ğ’›ğ’’ğ’•ğ’–	4	ğ’€	no	som	SO	Invented		Individual script
Pauc	Pau Cin Hau	Pau Cin Hau		7	ğ‘«€	no	ctd	MM	Invented		Individual script
Piqd	Klingon	Klingon (KLI pIqaD)	ï£¤ï£—ï£œï£ï£› ï£–ï£ï£™				tlh	US	Invented		Individual script
Sara	Sarati	Sarati					qya	GB	Invented		Individual script
Teng	Tengwar	Tengwar					qya	GB	Sara		Individual script
Sgnw	SignWriting	SignWriting		8	ğ¡	no	ase	US	Invented		Individual script
Shaw	Shavian	Shavian (Shaw)	ğ‘–ğ‘±ğ‘ğ‘¾ğ‘¯ ğ‘¨ğ‘¤ğ‘“ğ‘©ğ‘šğ‘§ğ‘‘	4	ğ‘	no	eng	GB	Invented		Individual script
Sora	Sora Sompeng	Sora Sompeng	ğ‘ƒğ‘ƒ¦ğ‘ƒğ‘ƒ— ğ‘ƒğ‘ƒ¦ğ‘ƒ–ğ‘ƒ›ğ‘ƒ£ğ‘ƒ—	6.1	ğ‘ƒ	no	srb	IN	Invented		Individual script
Sunu	Sunuwar	Sunuwar		16	ğ‘¯„	no	suz	NP	Invented		Individual script
Tang	Tangut	Tangut		9	ğ˜ˆ©	no	txg	CN	Invented		Individual script
Tnsa	Tangsa	Tangsa	ğ–ª°ğ–©µğ–ª‚ğ–ª«ğ–©¸	14	ğ–ª¼	no	nst	IN	Invented		Individual script
Todr	Todhri	Todhri	ğ—¢ğ—šğ—ˆğ—ğ—’	16	ğ—‚	no	sqi	AL	Invented		Individual script
Tols	Tolong Siki	Tolong Siki		17	ğ‘·†	no	kru	IN	Invented		Individual script
Toto	Toto	Toto	ğŠ’ğŠªğŠ’ğŠª	14	ğŠ	no	txo	IN	Invented		Individual script
Vaii	Vai	Vai	ê•™ê”¤	5.1	ê•‰	no	vai	LR	Invented		Individual script
Visp	Visible Speech	Visible Speech							Invented		Individual script
Vith	Vithkuqi	Vithkuqi	ğ•²ğ–»ğ–¶ğ–¨ğ–·ğ–°ğ–¥	14	ğ–‚	no	sqi	AL	Invented		Individual script
Wara	Warang Citi	Warang Citi (Varang Kshiti)	ğ‘¢¹ğ‘£—ğ‘£ğ‘£œğ‘£Š ğ‘¢¯ğ‘£‚ğ‘£•ğ‘£‚	7	ğ‘¢´	no	hoc	IN	Invented		Individual script
Wcho	Wancho	Wancho	ğ‹’ğ‹€ğ‹‰ğ‹ƒğ‹•â€	12	ğ‹¡	no	nnp	IN	Invented		Individual script
Xsux	Cuneiform	Cuneiform, Sumero-Akkadian		5	ğ’€€	no	akk	IQ	Pcun		Individual script
Xpeo	Old Persian	Old Persian		4.1	ğ 	no	peo	IR	Xsux		Individual script
Mong	Mongolian	Mongolian	á ®á £á ©á ­á £á ¯ á ªá ¢á ´á ¢á ­	3	á ¦	no	mon	MN	Ougr		Individual script
Geok	Khutsuri	Khutsuri (Asomtavruli and Nuskhuri)		1.1				GE	Unknown		Individual script
Geor	Mkhedruli	Georgian (Mkhedruli and Mtavruli)	áƒ›áƒ®áƒ”áƒ“áƒ áƒ£áƒšáƒ˜	1.1	áƒ“	no	kat	GE	Geok		Individual script
Hluw	Anatolian Hieroglyphs	Anatolian Hieroglyphs (Luwian Hieroglyphs, Hittite Hieroglyphs)		8	ğ”€	no	hlu	TR	Unknown		Individual script
Inds	Harappan	Indus (Harappan)					xiv	PK	Unknown		Individual script
Lina	Linear A	Linear A		7	ğ™‡	no	lab	GR	Unknown		Individual script
Cpmn	Cypro-Minoan	Cypro-Minoan		14	ğ’¿¥	no	und	CY	Lina		Individual script
Cprt	Cypriot syllabary	Cypriot syllabary		4	ğ €	Yes	ecy	CY	Cpmn		Individual script
Linb	Linear B	Linear B		4	ğ€€	no	gmy	GR	Lina		Individual script
Nkdb	Naxi Dongba	Naxi Dongba (naÂ²Â¹É•iÂ³Â³ toÂ³Â³baÂ²Â¹, Nakhi Tomba)					nxq	CN	Unknown		Individual script
Nkgb	Naxi Geba	Naxi Geba (naÂ²Â¹É•iÂ³Â³ gÊŒÂ²Â¹baÂ²Â¹, 'Na-'Khi Â²GgÅ-Â¹baw, Nakhi Geba)					nxq	CN	Unknown		Individual script
Ogam	Ogham	Ogham	áš›áš‘ášŒášáš‹ášœ	3	áš	no	sga	IE	Unknown		Individual script
Orkh	Old Turkic	Old Turkic, Orkhon Runic		5.2	ğ°€	Yes	otk	MN	Unknown		Individual script
Hung	Hungarian Runic	Old Hungarian (Hungarian Runic)	ğ²¥ğ³‹ğ³“ğ³‰ğ³—-ğ²˜ğ³€ğ³ğ³€ğ³¢ ğ²¢ğ³›ğ³®ğ³ğ³¤	8	ğ²¡	Yes	hun	HU	Orkh		Individual script
Pelm	Proto-Elamite	Proto-Elamite					elx	IR	Unknown		Individual script
Roro	Rongorongo	Rongorongo					rap	CL	Unknown		Individual script
Shui	Shuishu	Shuishu					swi	CN	Unknown		Individual script
Wole	Woleai	Woleai					woe	FM	Unknown		Individual script
Yezi	Yezidi	Yezidi		13	ğºˆ	Yes	kur	GE	Unknown		Individual script